Neighborhood,City,State,Neighborhood Latitude,Neighborhood Longitude,Radius
Arlington,Baltimore,MD,39.3481652,-76.6831397,250.0
Ashburton,Baltimore,MD,39.3267715,-76.6744784,250.0
Burleigh-Leighton,Baltimore,MD,39.319664,-76.659813,250.0
Callaway-Garrison,Baltimore,MD,39.3325396,-76.6802526,250.0
Central Forest Park,Baltimore,MD,39.3264513,-76.68819180000001,250.0
Central Park Heights,Baltimore,MD,39.3442762,-76.6715911,250.0
Cheswolde,Baltimore,MD,39.3682118,-76.6802526,250.0
Cross Country,Baltimore,MD,39.3680087,-76.70046049999999,250.0
Dolfield,Baltimore,MD,39.3355407,-76.67497209999999,250.0
Dorchester,Baltimore,MD,39.3306608,-76.6860267,250.0
East Arlington,Baltimore,MD,39.3311985,-76.6687038,250.0
Fallstaff,Baltimore,MD,39.3635826,-76.70623359999999,250.0
Forest Park/Howard Area,Baltimore,MD,39.3312176,-76.6946932,250.0
Gwynn Oak,Baltimore,MD,39.3359385,-76.6977522,250.0
Glen,Baltimore,MD,39.3553726,-76.69035699999999,250.0
Grove Park,Baltimore,MD,39.3403151,-76.7033471,250.0
Hanlon Park â€“ Longwood,Baltimore,MD,39.31662559999999,-76.66942569999999,250.0
Howard Park,Baltimore,MD,39.3312176,-76.6946932,250.0
Langston Hughes,Baltimore,MD,39.343287,-76.6795309,250.0
Liberty Square,Baltimore,MD,39.3216563,-76.6578759,250.0
Lucille Park,Baltimore,MD,39.3404035,-76.6766438,250.0
Northwest Community Action,Baltimore,MD,39.30592439999999,-76.6650946,250.0
Park Circle,Baltimore,MD,39.3276431,-76.66004149999999,250.0
Park Heights,Baltimore,MD,39.3442762,-76.6715911,250.0
Pimlico,Baltimore,MD,39.3522557,-76.6744784,250.0
Purnell,Baltimore,MD,39.320533,-76.7065867,250.0
Reisterstown Station,Baltimore,MD,39.3513916,-76.7086187,250.0
Towanda-Grantley,Baltimore,MD,39.337119,-76.6679774,250.0
West Forest Park,Baltimore,MD,39.3211342,-76.69180039999999,250.0
Windsor Hills,Baltimore,MD,39.31791520000001,-76.6860267,250.0
Woodmoor,Baltimore,MD,39.3384396,-76.7330281,250.0
Rosemont,Baltimore,MD,39.3060415,-76.6715911,250.0
Abell,Baltimore,MD,39.3244736,-76.6109441,250.0
Bellona-Gittings,Baltimore,MD,39.3691329,-76.6224981,250.0
Better Waverly,Baltimore,MD,39.3232464,-76.6058888,250.0
Barclay,Baltimore,MD,39.3149999,-76.6116662,250.0
Cameron Village,Baltimore,MD,39.3569685,-76.60011120000001,250.0
Cedarcroft,Baltimore,MD,39.3699478,-76.61311049999999,250.0
Charles North,Baltimore,MD,39.3312229,-76.6180091,250.0
Charles Village,Baltimore,MD,39.3200501,-76.6167212,250.0
Chinquapin Park-Belvedere,Baltimore,MD,39.3642261,-76.6022778,250.0
Cold Spring,Baltimore,MD,39.3459841,-76.6549142,250.0
Village of Cross Keys,Baltimore,MD,39.3573288,-76.646636,250.0
Cylburn,Baltimore,MD,39.3483659,-76.66292899999999,250.0
Edgecomb,Baltimore,MD,39.3425488,-76.6622072,250.0
Evergreen,Baltimore,MD,39.3464958,-76.6304409,250.0
Govans,Baltimore,MD,39.3500792,-76.6077528,250.0
Glen Oaks,Baltimore,MD,39.3660979,-76.59649999999999,250.0
Greenspring,Baltimore,MD,39.3378375,-76.66004149999999,250.0
Guilford,Baltimore,MD,39.3415428,-76.61527699999999,250.0
Hampden,Baltimore,MD,39.33337059999999,-76.632607,250.0
Harwood,Baltimore,MD,39.3200976,-76.6116662,250.0
Hoes Heights,Baltimore,MD,39.3402458,-76.63693920000001,250.0
Homeland,Baltimore,MD,39.3575025,-76.62105389999999,250.0
Kenilworth Park,Baltimore,MD,39.3542735,-76.59802289999999,250.0
Kernewood,Baltimore,MD,39.3459173,-76.6145548,250.0
Keswick,Baltimore,MD,39.342121,-76.631163,250.0
Lake Evesham,Baltimore,MD,39.3662961,-76.6145548,250.0
Lake Walker,Baltimore,MD,39.3696571,-76.60516659999999,250.0
Levindale,Baltimore,MD,39.3537973,-76.66581649999999,250.0
Loyola-Notre Dame,Baltimore,MD,39.34985,-76.6170085,250.0
Mid-Charles,Baltimore,MD,39.3487546,-76.6224981,250.0
Mid-Govans,Baltimore,MD,39.3598066,-76.6080554,250.0
Mount Washington,Baltimore,MD,39.36253019999999,-76.6595727,250.0
Medfield,Baltimore,MD,39.3398124,-76.6441591,250.0
New North Roland Park-Poplar Hill,Baltimore,MD,39.3660584,-76.6398272,250.0
Oakenshawe,Baltimore,MD,39.3299076,-76.6138327,250.0
Old Goucher,Baltimore,MD,39.3149523,-76.6167212,250.0
The Orchards,Baltimore,MD,39.36725939999999,-76.62827469999999,250.0
Pen Lucy,Baltimore,MD,39.3390889,-76.60516659999999,250.0
Radnor-Winston,Baltimore,MD,39.3495703,-76.61311049999999,250.0
Remington,Baltimore,MD,39.3206574,-76.6227009,250.0
Richnor Springs,Baltimore,MD,39.3463484,-76.6073332,250.0
Roland Park,Baltimore,MD,39.3544272,-76.63838319999999,250.0
Rosebank,Baltimore,MD,39.363412,-76.6116662,250.0
Sabina Mattefeldt,Baltimore,MD,39.3652407,-76.6492128,250.0
Saint Paul,Baltimore,MD,39.2689762,-76.6434372,250.0
Station North Arts and Entertainment District,Baltimore,MD,39.3098541,-76.6167212,250.0
Tuscany-Canterbury,Baltimore,MD,39.338563,-76.6224981,250.0
Waverly,Baltimore,MD,39.3321659,-76.6058888,250.0
Wilson Park,Baltimore,MD,39.3434634,-76.60444439999999,250.0
Winston-Govans,Baltimore,MD,39.3496172,-76.6080554,250.0
Woodberry,Baltimore,MD,39.3317734,-76.64941360000002,250.0
Woodbourne Heights,Baltimore,MD,39.3573982,-76.5928888,250.0
Woodbourne-McCabe,Baltimore,MD,39.35271729999999,-76.6073332,250.0
Wyman Park,Baltimore,MD,39.3308703,-76.6275527,250.0
Wyndhurst,Baltimore,MD,39.35740730000001,-76.631163,250.0
Arcadia,Baltimore,MD,39.3318111,-76.56471739999999,250.0
Armistead Gardens,Baltimore,MD,39.3049721,-76.55315809999999,250.0
Belair-Edison,Baltimore,MD,39.3216614,-76.5737173,250.0
Belair-Parkside,Baltimore,MD,39.3297931,-76.5665235,250.0
Beverly Hills,Baltimore,MD,39.3392737,-76.5702439,250.0
Cedmont,Baltimore,MD,39.3462558,-76.53581729999999,250.0
Cedonia,Baltimore,MD,39.3306314,-76.53292689999999,250.0
Christopher,Baltimore,MD,39.362041,-76.5618277,250.0
Coldstream-Homestead-Montebello,Baltimore,MD,39.3227872,-76.59649999999999,250.0
Orchard Ridge,Baltimore,MD,39.3120872,-76.5597603,250.0
Ednor Gardens-Lakeside,Baltimore,MD,39.3304324,-76.59649999999999,250.0
Four by Four,Baltimore,MD,39.2825192,-76.602252,250.0
Frankford,Baltimore,MD,39.33110790000001,-76.54359769999999,250.0
Gardenville,Baltimore,MD,39.3309404,-76.5610767,250.0
Glenham-Belford,Baltimore,MD,39.3493942,-76.5517132,250.0
Hamilton,Baltimore,MD,39.35649590000001,-76.5569101,250.0
Harford-Echodale-Perring Parkway,Baltimore,MD,39.3616138,-76.56905189999999,250.0
Hillen,Baltimore,MD,39.33994939999999,-76.590722,250.0
Hollander Ridge,Baltimore,MD,39.315895,-76.5322043,250.0
Idlewood,Baltimore,MD,39.37010679999999,-76.5891338,250.0
Lauraville,Baltimore,MD,39.3455647,-76.5733862,250.0
Loch Raven,Baltimore,MD,39.3881624,-76.5696889,250.0
Mayfield,Baltimore,MD,39.328406,-76.579165,250.0
Mayfield-Montebello,Baltimore,MD,39.328406,-76.579165,250.0
Moravia-Walther,Baltimore,MD,39.3394546,-76.56471739999999,250.0
Morgan Park,Baltimore,MD,39.3467737,-76.5788554,250.0
North Harford Road,Baltimore,MD,39.3669694,-76.5387076,250.0
"Northwood, Baltimore",Baltimore,MD,39.3421205,-76.5982801,250.0
Overlea,Baltimore,MD,39.3589694,-76.5177855,250.0
Parkside,Baltimore,MD,39.3297931,-76.5665235,250.0
Perring-Loch,Baltimore,MD,39.3520117,-76.5849436,250.0
Ramblewood,Baltimore,MD,39.3628758,-76.590722,250.0
Rosemont Avenue,Baltimore,MD,39.3562279,-76.534415,250.0
Stonewood-Pentwood-Winston,Baltimore,MD,39.3482407,-76.5892689,250.0
Taylor Heights,Baltimore,MD,39.3688371,-76.53292689999999,250.0
Waltherson,Baltimore,MD,39.3435341,-76.5560481,250.0
Westfield,Baltimore,MD,39.3595821,-76.5517132,250.0
Wilson Heights,Baltimore,MD,39.3345729,-76.5611052,250.0
Woodring,Baltimore,MD,39.3625548,-76.544488,250.0
Allendale,Baltimore,MD,39.2917978,-76.6752002,250.0
Bridgeview-Greenlawn,Baltimore,MD,39.3014786,-76.6542664,250.0
Coppin Heights,Baltimore,MD,39.3069138,-76.65715399999999,250.0
Easterwood,Baltimore,MD,39.3080704,-76.6506567,250.0
Edmondson Village,Baltimore,MD,39.2968471,-76.6802526,250.0
Evergreen Lawn,Baltimore,MD,39.2971002,-76.6549883,250.0
Franklin Square,Baltimore,MD,39.2899349,-76.6427152,250.0
Harlem Park,Baltimore,MD,39.2972489,-76.6398272,250.0
Heritage Crossing,Baltimore,MD,39.2966251,-76.6289968,250.0
Lexington,Baltimore,MD,39.2909427,-76.6513787,250.0
Midtown-Edmondson,Baltimore,MD,39.296043,-76.6513787,250.0
Mondawmin,Baltimore,MD,39.3142264,-76.6542664,250.0
Mosher,Baltimore,MD,39.2973857,-76.66292899999999,250.0
Panway-Braddish,Baltimore,MD,39.3132375,-76.6622072,250.0
Penn-North,Baltimore,MD,39.3128825,-76.6427152,250.0
Poppleton,Baltimore,MD,39.2914764,-76.6340511,250.0
Sandtown-Winchester,Baltimore,MD,39.3041275,-76.6441591,250.0
Union Square,Baltimore,MD,39.286663,-76.6419932,250.0
Upton,Baltimore,MD,39.3016759,-76.6340511,250.0
Walbrook,Baltimore,MD,39.3108055,-76.6687038,250.0
Bolton Hill,Baltimore,MD,39.308315,-76.62538649999999,250.0
Charles Center,Baltimore,MD,39.2893911,-76.6156864,250.0
Cathedral Hill,Baltimore,MD,39.2995956,-76.61717279999999,250.0
Bromo Arts District,Baltimore,MD,39.2949427,-76.6198127,250.0
Preston Gardens,Baltimore,MD,39.29351339999999,-76.61392289999999,250.0
Downtown,Baltimore,MD,39.292007,-76.6167212,250.0
Druid Heights,Baltimore,MD,39.3091075,-76.6376612,250.0
Inner Harbor,Baltimore,MD,39.2858482,-76.61311049999999,250.0
Lakeview Towers,Baltimore,MD,39.316558,-76.6322496,250.0
Lexington Terrace,Baltimore,MD,39.29280019999999,-76.6289968,250.0
Madison Park,Baltimore,MD,39.3057172,-76.6304409,250.0
Market Center,Baltimore,MD,39.2922496,-76.6223539,250.0
McCulloh Homes,Baltimore,MD,39.3005581,-76.6271916,250.0
Midtown-Belvedere,Baltimore,MD,39.3047554,-76.6167212,250.0
Mount Vernon,Baltimore,MD,39.2993194,-76.6138327,250.0
Otterbein,Baltimore,MD,39.2821913,-76.6145548,250.0
Reservoir Hill,Baltimore,MD,39.314423,-76.6340511,250.0
Ridgely's Delight,Baltimore,MD,39.284645,-76.6246644,250.0
Seton Hill,Baltimore,MD,39.295567,-76.62538649999999,250.0
Somerset Homes,Baltimore,MD,39.2962511,-76.60119449999999,250.0
Station North,Baltimore,MD,39.3098541,-76.6167212,250.0
Berea,Baltimore,MD,39.3105659,-76.579165,250.0
Biddle Street,Baltimore,MD,39.3044615,-76.58994950000002,250.0
Broadway East,Baltimore,MD,39.3090304,-76.5878328,250.0
Darley Park,Baltimore,MD,39.3158015,-76.5939721,250.0
Douglass Homes,Baltimore,MD,39.294025,-76.5957778,250.0
Dunbar-Broadway,Baltimore,MD,39.2964059,-76.5943333,250.0
East Baltimore Midway,Baltimore,MD,39.31471000000001,-76.60372219999999,250.0
Eager Park,Baltimore,MD,39.300987,-76.5912637,250.0
Ellwood Park,Baltimore,MD,39.29714389999999,-76.5733862,250.0
Gay Street,Baltimore,MD,39.2924976,-76.6087081,250.0
Greenmount West,Baltimore,MD,39.3091802,-76.6109441,250.0
Johnston Square,Baltimore,MD,39.3037445,-76.6080554,250.0
Latrobe Homes,Baltimore,MD,39.2995515,-76.6030224,250.0
Madison-Eastend,Baltimore,MD,39.3007532,-76.576998,250.0
McElderry Park,Baltimore,MD,39.297436,-76.581332,250.0
Milton-Montford,Baltimore,MD,39.3003232,-76.5842213,250.0
Old Town,Baltimore,MD,39.297418,-76.603,250.0
Oliver,Baltimore,MD,39.3078314,-76.599389,250.0
Orangeville,Baltimore,MD,39.2987184,-76.5496869,250.0
Penn-Fallsway,Baltimore,MD,39.2968175,-76.6087776,250.0
Pleasant View Gardens,Baltimore,MD,39.2934248,-76.6015556,250.0
Somerset Holmes-Monument East,Baltimore,MD,39.2962511,-76.60119449999999,250.0
South Clifton Park,Baltimore,MD,39.3135755,-76.5885551,250.0
Barre Circle,Baltimore,MD,39.2847048,-76.6279137,250.0
Beechfield,Baltimore,MD,39.276234,-76.70046049999999,250.0
Bentalou-Smallwood,Baltimore,MD,39.28257,-76.6506567,250.0
Booth-Boyd,Baltimore,MD,39.2872262,-76.6495738,250.0
Carrollton Ridge,Baltimore,MD,39.2829557,-76.6484909,250.0
Carroll South,Baltimore,MD,39.2827544,-76.6687038,250.0
Dickeyville,Baltimore,MD,39.3189954,-76.7035822,250.0
Edmondson,Baltimore,MD,39.2968471,-76.6802526,250.0
Fairmount,Baltimore,MD,39.3090431,-76.6809744,250.0
Franklintown,Baltimore,MD,39.3052934,-76.70912,250.0
Gwynn's Falls,Baltimore,MD,39.2776528,-76.6687038,250.0
Hillside Park,Baltimore,MD,39.2800597,-76.69647859999999,250.0
Hilton,Baltimore,MD,39.2859215,-76.6214512,250.0
Hollins Market,Baltimore,MD,39.2869295,-76.6333291,250.0
Irvington,Baltimore,MD,39.2828845,-76.6860811,250.0
Mill Hill,Baltimore,MD,39.2788618,-76.65715399999999,250.0
Monastery Gardens,Baltimore,MD,39.2846245,-76.681462,250.0
Morrell Park,Baltimore,MD,39.2646339,-76.6547794,250.0
Mount Holly,Baltimore,MD,39.31253239999999,-76.6780873,250.0
Oaklee,Baltimore,MD,39.2683763,-76.684944,250.0
Pigtown,Baltimore,MD,39.2812753,-76.6340511,250.0
Pratt Monroe,Baltimore,MD,39.2826198,-76.6456031,250.0
Primrose Place,Baltimore,MD,39.2744267,-76.6720342,250.0
Rognel Heights,Baltimore,MD,39.2953015,-76.68891359999999,250.0
Saint Agnes,Baltimore,MD,39.2750508,-76.67375659999999,250.0
Saint Joseph's,Baltimore,MD,39.2859754,-76.6744784,250.0
Shipley Hill,Baltimore,MD,39.2865135,-76.65715399999999,250.0
Sowebo,Baltimore,MD,39.288578,-76.63812759999999,250.0
Ten Hills,Baltimore,MD,39.2842733,-76.7010817,250.0
Tremont,Baltimore,MD,39.2834951,-76.6943263,250.0
Uplands,Baltimore,MD,39.2875405,-76.6907178,250.0
Violetville,Baltimore,MD,39.2654186,-76.67381060000001,250.0
Wakefield,Baltimore,MD,39.31260650000001,-76.6980264,250.0
Wallbrook,Baltimore,MD,39.3108055,-76.6687038,250.0
Westgate,Baltimore,MD,39.2842214,-76.7033471,250.0
West Hills,Baltimore,MD,39.2950925,-76.70912,250.0
West Mullberry,Baltimore,MD,39.2933542,-76.63402219999999,250.0
Western,Baltimore,MD,39.2922854,-76.66292899999999,250.0
West Pratt,Baltimore,MD,39.2856532,-76.636544,250.0
Winchester,Baltimore,MD,39.3041275,-76.6441591,250.0
Yale Heights,Baltimore,MD,39.2752305,-76.69180039999999,250.0
Arundel Cove,Baltimore,MD,39.2030346,-76.5670833,250.0
Brooklyn,Baltimore,MD,39.2381955,-76.60372219999999,250.0
Brooklyn Homes,Baltimore,MD,39.2292743,-76.60024380000002,250.0
Cherry Hill,Baltimore,MD,39.2490357,-76.6251606,250.0
Curtis Bay,Baltimore,MD,39.2208578,-76.5863882,250.0
Fairfield,Baltimore,MD,39.2378854,-76.5791318,250.0
Federal Hill,Baltimore,MD,39.279304,-76.6116662,250.0
Harborview,Baltimore,MD,39.2775288,-76.60431559999999,250.0
Hawkins Point,Baltimore,MD,39.2072675,-76.557493,250.0
Lakeland,Baltimore,MD,39.2530783,-76.64659019999999,250.0
Locust Point,Baltimore,MD,39.2680512,-76.59105919999999,250.0
Masonville,Baltimore,MD,39.243163,-76.5905212,250.0
Mount Winans,Baltimore,MD,39.2614905,-76.64488109999999,250.0
Port Covington,Baltimore,MD,39.2613248,-76.6089449,250.0
Riverside,Baltimore,MD,39.2729056,-76.6083646,250.0
South Balto.Imp.Comm./West Federal Hill,Baltimore,MD,39.2763123,-76.6114039,250.0
Sharp-Leadenhall,Baltimore,MD,39.2787025,-76.61744329999999,250.0
Shoreline,Baltimore,MD,39.2449717,-76.5867317,250.0
South Baltimore,Baltimore,MD,39.2704952,-76.61512379999999,250.0
Wagner's Point,Baltimore,MD,39.2341447,-76.56905189999999,250.0
Westport,Baltimore,MD,39.2631197,-76.6339404,250.0
Baltimore Highlands,Baltimore,MD,39.2935798,-76.56471739999999,250.0
Bayview or Hopkins Bayview,Baltimore,MD,39.2915618,-76.5458818,250.0
Brewer's Hill,Baltimore,MD,39.2802377,-76.5662741,250.0
Butchers Hill,Baltimore,MD,39.2930123,-76.5871105,250.0
Canton,Baltimore,MD,39.2821834,-76.5762756,250.0
Dunbar,Baltimore,MD,39.2953274,-76.59891549999999,250.0
Eastwood,Baltimore,MD,39.2857707,-76.5408001,250.0
Fells Point,Baltimore,MD,39.2842097,-76.593611,250.0
West Federal Hill,Baltimore,MD,39.2704952,-76.61512379999999,250.0
Fifteenth Street,Baltimore,MD,39.2874652,-76.5560481,250.0
Graceland Park,Baltimore,MD,39.2822044,-76.53292689999999,250.0
Greektown,Baltimore,MD,39.2851297,-76.55243569999999,250.0
Harbor East,Baltimore,MD,39.2832248,-76.6015556,250.0
Harbor Point,Baltimore,MD,39.2806216,-76.5984511,250.0
Highlandtown,Baltimore,MD,39.2887746,-76.56674919999999,250.0
Jonestown,Baltimore,MD,39.2903218,-76.6022778,250.0
Joseph Lee,Baltimore,MD,39.28904319999999,-76.5423204,250.0
Kresson,Baltimore,MD,39.2960052,-76.5582154,250.0
Little Italy,Baltimore,MD,39.2844999,-76.6015556,250.0
Medford-Broening Highway,Baltimore,MD,39.2769852,-76.5436646,250.0
O'Donnell Heights,Baltimore,MD,39.2781219,-76.54159779999999,250.0
Patterson Park,Baltimore,MD,39.2898331,-76.5762756,250.0
Patterson Place,Baltimore,MD,39.2935885,-76.58386019999999,250.0
Perkins Homes,Baltimore,MD,39.2876504,-76.5957778,250.0
St Helena,Baltimore,MD,39.2623558,-76.5322043,250.0
Upper Fells Point,Baltimore,MD,39.2886346,-76.5878328,250.0
Washington Hill,Baltimore,MD,39.2902003,-76.5957778,250.0
Ballantyne,Charlotte,NC,35.0469079,-80.8454702,700.0
Biddleville,Charlotte,NC,35.2445936,-80.8576911,700.0
Brooklyn,Charlotte,NC,35.2201046,-80.84193069999999,700.0
Chantilly,Charlotte,NC,35.2121282,-80.8087103,700.0
Uptown Charlotte,Charlotte,NC,35.2272302,-80.8460822,700.0
Cherry,Charlotte,NC,35.2110901,-80.8308587,700.0
Cotswold,Charlotte,NC,35.18487,-80.7907103,700.0
Coulwood,Charlotte,NC,35.2979174,-80.9445178,700.0
Derita,Charlotte,NC,35.2937526,-80.7975707,700.0
Dilworth,Charlotte,NC,35.2058551,-80.8516173,700.0
Eastland,Charlotte,NC,35.219619,-80.74638519999999,700.0
"Eastover, Charlotte",Charlotte,NC,35.1924313,-80.818401,700.0
Elizabeth,Charlotte,NC,35.2142287,-80.818401,700.0
Grier Heights,Charlotte,NC,35.1970375,-80.8073259,700.0
Hidden Valley,Charlotte,NC,35.2788395,-80.7759318,700.0
Highland Creek,Charlotte,NC,35.3780263,-80.7604628,700.0
"Madison Park, Charlotte",Charlotte,NC,35.1650179,-80.8502663,700.0
"Mountain Island, North Carolina",Charlotte,NC,35.3395516,-80.9264487,700.0
Myers Park,Charlotte,NC,35.1797081,-80.8261849,700.0
NoDa,Charlotte,NC,35.2456474,-80.80178769999999,700.0
Old North Charlotte,Charlotte,NC,35.2456474,-80.80178769999999,700.0
Parkdale,Charlotte,NC,35.251673,-80.90584799999999,700.0
Paw Creek,Charlotte,NC,35.2788586,-80.9301052,700.0
Plaza-Midwood,Charlotte,NC,35.2238589,-80.80178769999999,700.0
Quail Hollow,Charlotte,NC,35.1354006,-80.8571521,700.0
Sedgefield,Charlotte,NC,35.1957944,-80.8626864,700.0
Sherwood Forest,Charlotte,NC,35.1735457,-80.78517099999999,700.0
South End,Charlotte,NC,35.2125577,-80.85877719999999,700.0
SouthPark,Charlotte,NC,35.1484484,-80.8308959,700.0
Starmount,Charlotte,NC,35.1416926,-80.86822029999999,700.0
Steele Creek,Charlotte,NC,35.1340053,-81.0202533,700.0
Stonehaven,Charlotte,NC,35.1554966,-80.76301,700.0
University City,Charlotte,NC,36.037769,-79.034256,700.0
10th & Page,Charlottesville,VA,38.0351163,-78.49339979999999,400.0
Barracks/Rugby,Charlottesville,VA,38.0473175,-78.4894015,400.0
Belmont-Carlton,Charlottesville,VA,38.0231187,-78.46984859999999,400.0
Fifeville,Charlottesville,VA,38.0269891,-78.4950837,400.0
Fry's Spring,Charlottesville,VA,38.0167778,-78.51070829999999,400.0
Greenbrier,Charlottesville,VA,38.056636,-78.478036,400.0
Jefferson Park Avenue,Charlottesville,VA,38.0284661,-78.50991069999999,400.0
Johnson Village,Charlottesville,VA,38.018549,-78.5021861,400.0
Lewis Mountain,Charlottesville,VA,38.0402828,-78.51070829999999,400.0
Locust Grove,Charlottesville,VA,38.0445054,-78.4609854,400.0
Martha Jefferson,Charlottesville,VA,38.0244327,-78.44304869999999,400.0
The Meadows,Charlottesville,VA,38.060242,-78.4972339,400.0
North Downtown,Charlottesville,VA,38.0357496,-78.478036,400.0
Ridge Street,Charlottesville,VA,38.0244314,-78.4898782,400.0
Rose Hill,Charlottesville,VA,38.0384807,-78.48584989999999,400.0
Starr Hill,Charlottesville,VA,38.032093,-78.48727060000002,400.0
Venable,Charlottesville,VA,38.0432183,-78.50076570000002,400.0
Woolen Mills,Charlottesville,VA,38.020366,-78.4561895,400.0
Ballentine,Norfolk,VA,36.8591836,-76.2495053,400.0
Barraud Park,Norfolk,VA,36.8631486,-76.266739,400.0
Berkley,Norfolk,VA,36.8318147,-76.2838292,400.0
Bowling Green,Norfolk,VA,36.8549669,-76.2504465,400.0
Calvert Square,Norfolk,VA,36.8543526,-76.2761515,400.0
Chesterfield Heights,Norfolk,VA,36.843649,-76.2580499,400.0
Colonial Place,Norfolk,VA,36.8848699,-76.2910519,400.0
Coleman Place,Norfolk,VA,36.8680062,-76.2406701,400.0
Cottage Road Park,Norfolk,VA,36.912266,-76.2580499,400.0
Crown Point,Norfolk,VA,36.8606831,-76.223288,400.0
Diggs Park,Norfolk,VA,36.8276479,-76.26438399999999,400.0
Downtown Norfolk,Norfolk,VA,36.8500234,-76.2899071,400.0
East Ocean View,Norfolk,VA,36.9314775,-76.1972107,400.0
Estabrook,Norfolk,VA,36.8795919,-76.24660570000002,400.0
Fairmount Park Neighborhood,Norfolk,VA,36.8817539,-76.25660169999999,400.0
Fort Norfolk,Norfolk,VA,36.8569982,-76.30438509999999,400.0
Freemason District,Norfolk,VA,36.8521831,-76.2931461,400.0
Ghent,Norfolk,VA,36.864525,-76.29985719999999,400.0
Highland Park,Norfolk,VA,36.885357,-76.29859410000002,400.0
Huntersville,Norfolk,VA,36.86237,-76.2763291,400.0
Ingleside,Norfolk,VA,36.8447452,-76.2338762,400.0
Kensington,Norfolk,VA,36.8747997,-76.29859410000002,400.0
Larchmont-Edgewater,Norfolk,VA,36.8931404,-76.30872819999999,400.0
Lafayette / Winona,Norfolk,VA,36.8763459,-76.266739,400.0
Lafayette Shores,Norfolk,VA,36.884592,-76.26549539999999,400.0
Lakewood,Norfolk,VA,36.8883914,-76.26818709999999,400.0
Lamberts Point,Norfolk,VA,36.8754257,-76.3274423,400.0
Larrymore Lawns,Norfolk,VA,36.9115362,-76.22827199999999,400.0
Lindenwood,Norfolk,VA,36.8691071,-76.27253139999999,400.0
Lochhaven,Norfolk,VA,36.91459200000001,-76.3107752,400.0
Meadowbrook,Norfolk,VA,36.91348079999999,-76.3035527,400.0
North Ghent,Norfolk,VA,36.864525,-76.29985719999999,400.0
Norview,Norfolk,VA,36.89626459999999,-76.2375119,400.0
Ocean View,Norfolk,VA,36.9498693,-76.24632840000001,400.0
Park Place,Norfolk,VA,36.875272,-76.291355,400.0
Poplar Halls,Norfolk,VA,36.8512589,-76.2166046,400.0
Riverpoint,Norfolk,VA,36.8971952,-76.2870113,400.0
Riverview,Norfolk,VA,36.88332219999999,-76.28121949999999,400.0
Sewell's Point,Norfolk,VA,36.95486959999999,-76.3268873,400.0
Sewell's Garden,Norfolk,VA,36.8973738,-76.24356689999999,400.0
Shoop Park,Norfolk,VA,36.87152,-76.26132299999999,400.0
Talbot Park,Norfolk,VA,36.9037586,-76.27938499999999,400.0
Tidewater Park,Norfolk,VA,36.8507689,-76.28587259999999,400.0
Titustown,Norfolk,VA,36.9157671,-76.29352670000002,400.0
Villa Heights,Norfolk,VA,36.8730006,-76.2775995,400.0
Wards Corner Business District,Norfolk,VA,36.8500234,-76.2899071,400.0
West Freemason,Norfolk,VA,36.8507013,-76.2956985,400.0
Willoughby Spit,Norfolk,VA,36.9670915,-76.27855199999999,400.0
Young Terrace,Norfolk,VA,36.8565209,-76.2833915,400.0
Anderson Heights,Raleigh,NC,35.817114,-78.6412922,400.0
Avent West,Raleigh,NC,35.7654028,-78.7037778,400.0
Belvidere Park,Raleigh,NC,35.7981893,-78.6193035,400.0
Battery Heights,Raleigh,NC,35.7778573,-78.61788469999999,400.0
Bloomsbury,Raleigh,NC,35.8091078,-78.64909349999999,400.0
Boylan Heights,Raleigh,NC,35.7743696,-78.6519302,400.0
Cameron Park,Raleigh,NC,35.7861538,-78.6554759,400.0
Cameron Village,Raleigh,NC,35.7937621,-78.65760329999999,400.0
Capitol District,Raleigh,NC,35.7803584,-78.63912909999999,400.0
Capitol Heights,Raleigh,NC,35.7803584,-78.63912909999999,400.0
Country Club Hills,Raleigh,NC,35.8270811,-78.66114879999999,400.0
Coley Forest,Raleigh,NC,35.8227763,-78.67249369999999,400.0
Depot District,Raleigh,NC,35.7771695,-78.64517579999999,400.0
Drewry Hills,Raleigh,NC,35.8281518,-78.64412910000001,400.0
Fayetteville Street,Raleigh,NC,35.7737065,-78.63945079999999,400.0
Five Points Historic Neighborhoods,Raleigh,NC,35.8027175,-78.6416146,400.0
Glenwood-Brooklyn,Raleigh,NC,35.8633075,-78.7130681,400.0
Glenwood South,Raleigh,NC,35.7849869,-78.6490087,400.0
Glenwood Village,Raleigh,NC,35.8179287,-78.6644482,400.0
Hayes Barton,Raleigh,NC,35.8020411,-78.65263929999999,400.0
Hi-Mount,Raleigh,NC,35.8099068,-78.6292345,400.0
Historic Oakwood,Raleigh,NC,35.7844621,-78.6306531,400.0
Longview Gardens,Raleigh,NC,35.7819503,-78.59731,400.0
Madonna Acres,Raleigh,NC,35.7900075,-78.61469240000001,400.0
Maiden Lane,Raleigh,NC,35.7870576,-78.6631317,400.0
Moore Square,Raleigh,NC,35.7768175,-78.63583469999999,400.0
Mordecai District,Raleigh,NC,35.7967153,-78.6320717,400.0
North Carolina State University,Raleigh,NC,35.7846633,-78.6820946,400.0
Raleigh Country Club,Raleigh,NC,35.7762835,-78.5934961,400.0
Roanoke Park,Raleigh,NC,35.801682,-78.63994509999999,400.0
Rochester Heights,Raleigh,NC,35.7545623,-78.6278158,400.0
South Park,Raleigh,NC,35.7678316,-78.632781,400.0
State Government District,Raleigh,NC,35.78285450000001,-78.63714,400.0
Vanguard Park,Raleigh,NC,35.829994,-78.63119900000001,400.0
Victoria Place,Raleigh,NC,35.8102621,-78.6612585,400.0
Warehouse District,Raleigh,NC,35.7771695,-78.64517579999999,400.0
West Raleigh Historic District,Raleigh,NC,35.7776188,-78.63876549999999,400.0
Wayland Heights,Raleigh,NC,35.8128803,-78.6604397,400.0
Woodcrest,Raleigh,NC,35.800945,-78.6129188,400.0
University Park,Raleigh,NC,35.7962541,-78.66256700000001,400.0
Bent Tree,Raleigh,NC,35.8967506,-78.62994379999999,400.0
Brentwood Estates,Raleigh,NC,35.8304085,-78.59731,400.0
Brier Creek,Raleigh,NC,35.909664,-78.7848626,400.0
Brookhaven,Raleigh,NC,35.8596512,-78.6923441,400.0
Coachmans Trail,Raleigh,NC,35.9429971,-78.63561820000001,400.0
Crabtree Valley,Raleigh,NC,35.8382005,-78.68022909999999,400.0
Crossgate,Raleigh,NC,35.9149063,-78.6370367,400.0
Dominion Park,Raleigh,NC,35.9129084,-78.7433698,400.0
Durant Trails,Raleigh,NC,35.8963786,-78.59092389999999,400.0
Fairfax Hills,Raleigh,NC,35.8561933,-78.6207223,400.0
Falls Church,Raleigh,NC,35.8623771,-78.6150471,400.0
Falls River/Bedford,Raleigh,NC,35.9293431,-78.5632461,400.0
Hickory Hills,Raleigh,NC,35.8440396,-78.6280586,400.0
Lake Park,Raleigh,NC,35.8674383,-78.663327,400.0
Lakemont,Raleigh,NC,35.8483291,-78.62994379999999,400.0
Leesville,Raleigh,NC,35.9091748,-78.7255631,400.0
Millbrook,Raleigh,NC,35.865662,-78.6033424,400.0
New Hope,Raleigh,NC,35.8395953,-78.5805577,400.0
North Hills,Raleigh,NC,35.8395428,-78.6422671,400.0
North Pointe,Raleigh,NC,35.8868264,-78.6017446,400.0
North Ridge,Raleigh,NC,35.8804669,-78.6143377,400.0
North Ridge Country Club,Raleigh,NC,35.8743707,-78.62066709999999,400.0
Oak Park,Raleigh,NC,35.8460601,-78.705103,400.0
Pinecrest,Raleigh,NC,35.8257054,-78.6168438,400.0
Quail Hollow,Raleigh,NC,35.8475162,-78.6214317,400.0
Quail Meadows,Raleigh,NC,35.8526267,-78.6185941,400.0
Quail Ridge,Raleigh,NC,35.8567559,-78.60901679999999,400.0
Skycrest,Raleigh,NC,35.8104378,-78.5750836,400.0
Southall,Raleigh,NC,35.8178595,-78.5646656,400.0
Springdale/Leesville,Raleigh,NC,35.8996925,-78.7252747,400.0
Stonebridge,Raleigh,NC,35.9271563,-78.6668214,400.0
Stonehenge,Raleigh,NC,35.8928764,-78.6880908,400.0
Summerfield,Raleigh,NC,36.208778,-79.920402,400.0
Summit Ridge,Raleigh,NC,35.8331464,-78.5767311,400.0
Tadlock Plantation,Raleigh,NC,35.9537661,-78.6639852,400.0
Tealbriar,Raleigh,NC,35.8699049,-78.6093716,400.0
Thorpshire,Raleigh,NC,35.893512,-78.607271,400.0
Timberlake,Raleigh,NC,35.8076387,-78.5895003,400.0
Village on the Green,Raleigh,NC,35.8728935,-78.65476679999999,400.0
Wakefield Plantation,Raleigh,NC,35.9584705,-78.5553882,400.0
Wood Valley,Raleigh,NC,35.9256952,-78.7123897,400.0
Asbury,Raleigh,NC,35.7901515,-78.737505,400.0
Brandywine,Raleigh,NC,35.8013764,-78.7446957,400.0
Laurel Hills,Raleigh,NC,35.838928,-78.70085019999999,400.0
Medfield,Raleigh,NC,35.8021914,-78.7600709,400.0
Olde Raleigh,Raleigh,NC,35.8286982,-78.7065205,400.0
Trinity Woods,Raleigh,NC,35.8004317,-78.7470105,400.0
Tysonville,Raleigh,NC,35.8207064,-78.7047267,400.0
Umstead,Raleigh,NC,35.8905776,-78.7501817,400.0
Westover,Raleigh,NC,35.79416150000001,-78.7185689,400.0
Biltmore Hills,Raleigh,NC,35.7508564,-78.62426909999999,400.0
Carolina Pines,Raleigh,NC,35.7484407,-78.6554759,400.0
Hedingham,Raleigh,NC,35.8093575,-78.5462098,400.0
Lake Wheeler,Raleigh,NC,35.7480461,-78.6734512,400.0
Parkland,Raleigh,NC,35.74854,-78.64590210000001,400.0
Renaissance Park,Raleigh,NC,35.7352372,-78.6583124,400.0
Rhamkatte,Raleigh,NC,35.7482078,-78.6733374,400.0
Skycrest Village,Raleigh,NC,35.8750777,-78.5266855,400.0
Southall,Raleigh,NC,35.8178595,-78.5646656,400.0
Southgate,Raleigh,NC,35.7519249,-78.6072432,400.0
Swift Creek,Raleigh,NC,35.7435468,-78.7329963,400.0
Trailwood,Raleigh,NC,35.7592845,-78.6916352,400.0
Walnut Creek,Raleigh,NC,35.7493881,-78.5763028,400.0
Wilder's Grove,Raleigh,NC,35.7988044,-78.5645282,400.0
Arts District,Richmond,VA,37.543453,-77.438963,400.0
Biotech and MCV,Richmond,VA,37.5434554,-77.430753,400.0
City Center,Richmond,VA,37.5429163,-77.4379257,400.0
Court End,Richmond,VA,37.5441544,-77.43209569999999,400.0
Gambles Hill,Richmond,VA,37.537863,-77.44581509999999,400.0
Jackson Ward,Richmond,VA,37.5477384,-77.44007739999999,400.0
Monroe Ward,Richmond,VA,37.5431096,-77.44581509999999,400.0
Midtown,Richmond,VA,37.5608508,-77.48553919999999,400.0
Shockoe Bottom,Richmond,VA,37.5337726,-77.42682560000002,400.0
Shockoe Slip,Richmond,VA,37.5344285,-77.43218759999999,400.0
Upper Shockoe Valley,Richmond,VA,37.5435702,-77.4257319,400.0
Brauers,Richmond,VA,37.5468454,-77.4135367,400.0
Chimborazo,Richmond,VA,37.5282873,-77.4056451,400.0
Church Hill,Richmond,VA,37.5328397,-77.4162523,400.0
Creighton,Richmond,VA,37.5451415,-77.3977529,400.0
Eastview,Richmond,VA,37.5498917,-77.4113845,400.0
Fairfield,Richmond,VA,37.5496956,-77.40349270000002,400.0
Fairmount,Richmond,VA,37.5415995,-77.4135367,400.0
Fulton Hill,Richmond,VA,37.5157061,-77.3984704,400.0
Montrose Heights,Richmond,VA,37.5218006,-77.39416539999999,400.0
Mosby,Richmond,VA,37.5463076,-77.4207105,400.0
Navy Hill,Richmond,VA,37.54655109999999,-77.432637,400.0
Oakwood,Richmond,VA,37.5329145,-77.3999054,400.0
Peter Paul,Richmond,VA,37.5449147,-77.40779739999999,400.0
Tobacco Row,Richmond,VA,37.5288108,-77.42227969999999,400.0
Union Hill,Richmond,VA,37.5377053,-77.4199931,400.0
Witcomb Court,Richmond,VA,37.55593289999999,-77.41850199999999,400.0
Barton Heights,Richmond,VA,37.5599252,-77.4314703,400.0
Bellevue,Richmond,VA,37.5908319,-77.4575539,400.0
Chamberlayne Industrial Center,Richmond,VA,37.5593799,-77.4425219,400.0
Edgewood,Richmond,VA,37.5806331,-77.43505669999999,400.0
Gilpin,Richmond,VA,37.5523663,-77.4343394,400.0
Ginter Park,Richmond,VA,37.5836035,-77.4443807,400.0
Green Park,Richmond,VA,37.5689085,-77.4235799,400.0
Hermitage Road,Richmond,VA,37.5782127,-77.4616853,400.0
Highland Park,Richmond,VA,37.5741117,-77.41712369999999,400.0
Highland Terrace,Richmond,VA,37.5721087,-77.4228625,400.0
Laburnum Park,Richmond,VA,37.5810596,-77.45728969999999,400.0
Magnolia Industrial Center,Richmond,VA,37.5614245,-77.4149715,400.0
North Highland Park,Richmond,VA,37.5741117,-77.41712369999999,400.0
Pine Camp,Richmond,VA,37.5987539,-77.4450979,400.0
Providence Park,Richmond,VA,37.5776619,-77.4257319,400.0
Rosedale,Richmond,VA,37.5846064,-77.4658948,400.0
Sherwood Park,Richmond,VA,37.5755072,-77.45442109999999,400.0
South Barton Heights,Richmond,VA,37.5599252,-77.4314703,400.0
Three Corners,Richmond,VA,37.5355725,-77.43224409999999,400.0
Washington Park,Richmond,VA,37.5896941,-77.44007739999999,400.0
Ancarrow's Landing,Richmond,VA,37.5189793,-77.42075229999999,400.0
Bellemeade,Richmond,VA,37.4990417,-77.43864289999999,400.0
Belmont Woods,Richmond,VA,37.4672819,-77.49744160000002,400.0
Blackwell,Richmond,VA,37.5165639,-77.4429463,400.0
Brandermill,Richmond,VA,37.4320932,-77.6497139,400.0
Broad Rock,Richmond,VA,37.4704256,-77.4830405,400.0
Brookbury,Richmond,VA,37.4640368,-77.49137429999999,400.0
Cherry Gardens,Richmond,VA,37.4820919,-77.4591507,400.0
Chippenham Forest,Richmond,VA,37.5319552,-77.5375794,400.0
Cofer,Richmond,VA,37.4971094,-77.45728969999999,400.0
Cottrell Farms,Richmond,VA,37.4665979,-77.4788014,400.0
Forest Hill,Richmond,VA,37.5255105,-77.47736739999999,400.0
Gravel Hill,Richmond,VA,37.5365358,-77.514708,400.0
Hickory Hill,Richmond,VA,37.4828974,-77.4716313,400.0
Hillside Court,Richmond,VA,37.5017822,-77.4336221,400.0
Huguenot,Richmond,VA,37.5458741,-77.5820012,400.0
Jahnke,Richmond,VA,37.5181543,-77.5189458,400.0
Manchester,Richmond,VA,37.5209801,-77.4441499,400.0
Maury,Richmond,VA,37.500276,-77.45011819999999,400.0
McGuire,Richmond,VA,37.4989572,-77.4744994,400.0
North Chesterfield,Richmond,VA,37.458993,-77.468513,400.0
Northrop,Richmond,VA,37.5134297,-77.47664809999999,400.0
Oak Grove,Richmond,VA,37.5095401,-77.43864289999999,400.0
Oxford,Richmond,VA,37.5393138,-77.547765,400.0
Piney Knolls,Richmond,VA,37.4793144,-77.4927632,400.0
South Richmond,Richmond,VA,37.48307459999999,-77.4785088,400.0
Southampton,Richmond,VA,37.55542459999999,-77.54915369999999,400.0
Stoney Point,Richmond,VA,37.5483402,-77.57165859999999,400.0
Stratford Hills,Richmond,VA,37.5508687,-77.530413,400.0
Swansboro,Richmond,VA,37.51664,-77.45585539999999,400.0
Walmsley,Richmond,VA,37.4659105,-77.4601581,400.0
Warwick,Richmond,VA,37.4913783,-77.4656704,400.0
Windsor,Richmond,VA,37.5501179,-77.4988753,400.0
Woodhaven,Richmond,VA,37.4978697,-77.4888388,400.0
Woodland Heights,Richmond,VA,37.5213468,-77.4630265,400.0
Worthington,Richmond,VA,37.4912901,-77.5132117,400.0
Byrd Park,Richmond,VA,37.5427152,-77.4795668,400.0
Carillon,Richmond,VA,37.5395527,-77.4859711,400.0
Carver,Richmond,VA,37.5539104,-77.4486838,400.0
Carytown,Richmond,VA,37.5530946,-77.4838202,400.0
Colonial Place,Richmond,VA,37.56670640000001,-77.4945741,400.0
Byrd Park,Richmond,VA,37.5427152,-77.4795668,400.0
The Fan,Richmond,VA,37.5512752,-77.45879339999999,400.0
Malvern Gardens,Richmond,VA,37.5687141,-77.4888388,400.0
Maymount,Richmond,VA,37.5341954,-77.47433579999999,400.0
Museum District,Richmond,VA,37.5616745,-77.48090359999999,400.0
Newtowne West,Richmond,VA,37.55745870000001,-77.45728969999999,400.0
Oregon Hill,Richmond,VA,37.5377471,-77.4508354,400.0
Randolph,Richmond,VA,37.542645,-77.4658948,400.0
Rhoadmiller,Richmond,VA,37.5669281,-77.45949809999999,400.0
Scott's Addition,Richmond,VA,37.5696159,-77.4719508,400.0
Stadium,Richmond,VA,37.5503539,-77.4888388,400.0
Stonewall Court,Richmond,VA,37.5708649,-77.508911,400.0
West of the Boulevard,Richmond,VA,37.5616745,-77.48090359999999,400.0
Westhampton,Richmond,VA,37.5741012,-77.5146453,400.0
Willow Lawn,Richmond,VA,37.5818697,-77.49758729999999,400.0
Wilton,Richmond,VA,37.5601359,-77.5189458,400.0
Windsor Farms,Richmond,VA,37.5501179,-77.4988753,400.0
Alanton,Virginia Beach,VA,36.8806669,-76.02468449999999,800.0
Aragona Village,Virginia Beach,VA,36.8589035,-76.15228789999999,800.0
Bay Colony,Virginia Beach,VA,36.8747438,-75.9954611,800.0
Bayside,Virginia Beach,VA,36.9029252,-76.1343797,800.0
Cape Henry,Virginia Beach,VA,36.9315359,-76.01993139999999,800.0
Chesapeake Beach,Virginia Beach,VA,36.9154251,-76.1202127,800.0
Croatan Beach,Virginia Beach,VA,36.8279584,-75.9686395,800.0
Great Neck Point,Virginia Beach,VA,36.9007031,-76.08660019999999,800.0
Green Run,Virginia Beach,VA,36.7983333,-76.0919444,800.0
Kempsville,Virginia Beach,VA,36.8268149,-76.1602137,800.0
Lago Mar,Virginia Beach,VA,36.7458693,-75.994413,800.0
Larkspur,Virginia Beach,VA,36.8201484,-76.13743509999999,800.0
London Bridge,Virginia Beach,VA,36.8418151,-76.0496544,800.0
Lynnhaven,Virginia Beach,VA,36.83764840000001,-76.0685439,800.0
Newtown,Virginia Beach,VA,36.8544563,-76.1776454,800.0
The North End,Virginia Beach,VA,36.8938656,-75.98623529999999,800.0
Oceana,Virginia Beach,VA,36.8420929,-76.0129864,800.0
Ocean Park,Virginia Beach,VA,36.9093141,-76.1013231,800.0
Pembroke Manor,Virginia Beach,VA,36.8520923,-76.13604629999999,800.0
Princess Anne,Virginia Beach,VA,36.7508026,-76.0540776,800.0
Pungo,Virginia Beach,VA,36.7234837,-76.0177083,800.0
Red Mill Commons,Virginia Beach,VA,36.7601474,-76.0081771,800.0
Sandbridge,Virginia Beach,VA,36.7239073,-75.9390662,800.0
Thalia,Virginia Beach,VA,36.8434815,-76.12076789999999,800.0
Thoroughgood,Virginia Beach,VA,36.8918143,-76.12910169999999,800.0
Adams Morgan,Washington,DC,38.9212418,-77.0434934,250.0
Columbia Heights,Washington,DC,38.9276414,-77.0297181,250.0
Howard University,Washington,DC,38.9226843,-77.0194377,250.0
Kalorama,Washington,DC,38.9145007,-77.046174,250.0
LeDroit Park,Washington,DC,38.9177643,-77.018303,250.0
Lanier Heights,Washington,DC,38.9256541,-77.0427737,250.0
Mount Pleasant,Washington,DC,38.9311878,-77.04061469999999,250.0
Park View,Washington,DC,38.93181060000001,-77.0233415,250.0
Pleasant Plains,Washington,DC,38.92121710000001,-77.0204624,250.0
Shaw,Washington,DC,38.9126289,-77.02294619999999,250.0
U Street Corridor,Washington,DC,38.9170008,-77.0252725,250.0
Burleith,Washington,DC,38.9145261,-77.0751538,250.0
Chinatown,Washington,DC,38.9003692,-77.0209563,250.0
Downtown,Washington,DC,38.9037406,-77.0362967,250.0
Dupont Circle,Washington,DC,38.9096936,-77.043339,250.0
Federal Triangle,Washington,DC,38.893794,-77.0281107,250.0
Foggy Bottom,Washington,DC,38.9006918,-77.0518254,250.0
Georgetown,Washington,DC,38.9097057,-77.06535650000001,250.0
Logan Circle,Washington,DC,38.909641,-77.0296369,250.0
Mount Vernon Square,Washington,DC,38.9042772,-77.0234435,250.0
Penn Quarter,Washington,DC,38.8973308,-77.02194250000001,250.0
Sheridan Kalorama,Washington,DC,38.9145007,-77.046174,250.0
Southwest Federal Center,Washington,DC,38.88561929999999,-77.02191239999999,250.0
West End,Washington,DC,38.9068048,-77.0521289,250.0
American University Park,Washington,DC,38.9455047,-77.0881034,250.0
Berkley,Washington,DC,38.9215975,-77.0924196,250.0
Cathedral Heights,Washington,DC,38.9334728,-77.07983519999999,250.0
Chevy Chase,Washington,DC,38.9610151,-77.06620889999999,250.0
Cleveland Park,Washington,DC,38.9346348,-77.0663921,250.0
Colony Hill,Washington,DC,38.913167,-77.08720029999999,250.0
Forest Hills,Washington,DC,38.9474093,-77.0593246,250.0
Foxhall,Washington,DC,38.9223334,-77.0941448,250.0
Friendship Heights,Washington,DC,38.9565712,-77.083787,250.0
Glover Park,Washington,DC,38.9209446,-77.07719999999999,250.0
Kent,Washington,DC,38.9337221,-77.1035895,250.0
Massachusetts Heights,Washington,DC,38.9190471,-77.06007679999999,250.0
McLean Gardens,Washington,DC,38.93707390000001,-77.0758733,250.0
North Cleveland Park,Washington,DC,38.9439719,-77.0724122,250.0
Observatory Circle,Washington,DC,38.9201358,-77.0714351,250.0
The Palisades,Washington,DC,38.9320344,-77.1053673,250.0
Potomac Heights,Washington,DC,38.9276111,-77.10775629999999,250.0
Spring Valley,Washington,DC,38.9416599,-77.09961299999999,250.0
Tenleytown,Washington,DC,38.9459817,-77.0809093,250.0
Wakefield,Washington,DC,38.9507566,-77.07166339999999,250.0
Wesley Heights,Washington,DC,38.9289785,-77.0895421,250.0
Woodland Normanstone,Washington,DC,38.9206149,-77.0607637,250.0
Woodley Park,Washington,DC,38.9279945,-77.0578855,250.0
"Woodmont, Washington, D.C.",Washington,DC,38.8635903,-76.9752358,250.0
Barnaby Woods,Washington,DC,38.9745158,-77.0607637,250.0
Brightwood,Washington,DC,38.9649218,-77.0276835,250.0
Brightwood Park,Washington,DC,38.9543155,-77.019762,250.0
Colonial Village,Washington,DC,38.9850771,-77.04061469999999,250.0
Crestwood,Washington,DC,38.9403344,-77.0420541,250.0
Fort Totten,Washington,DC,38.9505016,-77.00888909999999,250.0
Hawthorne,Washington,DC,38.9815654,-77.05500719999999,250.0
Manor Park,Washington,DC,38.9623788,-77.0106965,250.0
Petworth,Washington,DC,38.9424059,-77.02557999999999,250.0
Riggs Park,Washington,DC,38.9542775,-76.99414260000002,250.0
Shepherd Park,Washington,DC,38.9827023,-77.0316156,250.0
Sixteenth Street Heights,Washington,DC,38.9540781,-77.0334384,250.0
Takoma,Washington,DC,38.9736113,-77.0227898,250.0
Arboretum,Washington,DC,38.9162514,-76.9707869,250.0
Bloomingdale,Washington,DC,38.9176761,-77.01182460000001,250.0
Brentwood,Washington,DC,38.9194596,-76.99123689999999,250.0
Brookland,Washington,DC,38.9328037,-76.9863578,250.0
Carver Langston,Washington,DC,38.9009362,-76.9772675,250.0
Eckington,Washington,DC,38.9141343,-77.0031863,250.0
Edgewood,Washington,DC,38.9256162,-77.0005917,250.0
Fort Lincoln,Washington,DC,38.9214178,-76.9555116,250.0
Gateway,Washington,DC,38.9198479,-76.96286580000002,250.0
Ivy City,Washington,DC,38.9147513,-76.9859077,250.0
Langdon,Washington,DC,38.9245066,-76.9761563,250.0
Michigan Park,Washington,DC,38.9452287,-76.9830277,250.0
North Michigan Park,Washington,DC,38.9462889,-76.9949575,250.0
Pleasant Hill,Washington,DC,38.944336,-77.003937,250.0
Queens Chapel,Washington,DC,38.9545537,-76.997427,250.0
Stronghold,Washington,DC,38.9256143,-77.0082254,250.0
Trinidad,Washington,DC,38.9089568,-76.9822523,250.0
Truxton Circle,Washington,DC,38.9099729,-77.01182460000001,250.0
Woodridge,Washington,DC,38.9330005,-76.9680338,250.0
Barney Circle,Washington,DC,38.8858518,-76.9801476,250.0
Capitol Hill,Washington,DC,38.8860434,-76.999525,250.0
Judiciary Square,Washington,DC,38.8987163,-77.0163184,250.0
Kingman Park,Washington,DC,38.8958,-76.9772675,250.0
Mount Vernon Triangle,Washington,DC,38.9024949,-77.01896049999999,250.0
Navy Yard,Washington,DC,38.8764653,-77.0005547,250.0
Near Northeast,Washington,DC,38.9025149,-76.99847609999999,250.0
NoMa,Washington,DC,38.9037551,-77.0059094,250.0
Southwest Waterfront,Washington,DC,38.8764794,-77.01757889999999,250.0
Sursum Corda,Washington,DC,38.9046633,-77.01216939999999,250.0
Swampoodle,Washington,DC,38.9035189,-77.0022905,250.0
Benning Heights,Washington,DC,38.8817789,-76.9360851,250.0
Benning Ridge,Washington,DC,38.8824087,-76.938379,250.0
Benning,Washington,DC,38.8925405,-76.9484624,250.0
Burrville,Washington,DC,38.8998716,-76.92253199999999,250.0
Capitol View,Washington,DC,38.8899271,-76.9254134,250.0
Central Northeast,Washington,DC,38.8959453,-76.9413632,250.0
Civic Betterment,Washington,DC,38.8794409,-76.92990379999999,250.0
Deanwood,Washington,DC,38.902971,-76.93269269999999,250.0
Dupont Park,Washington,DC,38.8736226,-76.96286580000002,250.0
East Corner,Washington,DC,38.8624808,-77.01701589999999,250.0
East River Heights,Washington,DC,38.8920564,-76.9435854,250.0
Eastland Gardens,Washington,DC,38.9054506,-76.9434208,250.0
Fairfax Village,Washington,DC,38.8638871,-76.950623,250.0
Fairlawn,Washington,DC,38.8694706,-76.9774233,250.0
Fort Davis,Washington,DC,38.8667792,-76.9460854,250.0
Fort Dupont,Washington,DC,38.887404,-76.9484624,250.0
Fort Stanton,Washington,DC,38.85558210000001,-76.9794276,250.0
Good Hope,Washington,DC,38.8626125,-76.96386369999999,250.0
Greenway,Washington,DC,38.8835718,-76.95998519999999,250.0
Hillbrook,Washington,DC,38.8950622,-76.9349311,250.0
Hillcrest,Washington,DC,38.8633458,-76.96286580000002,250.0
Kenilworth,Washington,DC,38.9095355,-76.9398195,250.0
Lincoln Heights,Washington,DC,38.8957169,-76.9311761,250.0
Marshall Heights,Washington,DC,38.8851176,-76.9282948,250.0
Mayfair,Washington,DC,38.902698,-76.949742,250.0
Naylor Gardens,Washington,DC,38.8582068,-76.96286580000002,250.0
Northeast Boundary,Washington,DC,38.8937543,-76.91388730000001,250.0
Penn Branch,Washington,DC,38.8726445,-76.954224,250.0
Randle Highlands,Washington,DC,38.869136,-76.9686267,250.0
River Terrace,Washington,DC,38.8920564,-76.95747469999999,250.0
Skyland,Washington,DC,38.859184,-76.971507,250.0
Twining,Washington,DC,38.8717791,-76.9658082,250.0
Anacostia,Washington,DC,38.8627944,-76.9826813,250.0
Barry Farm,Washington,DC,38.8593035,-76.9990736,250.0
Bellevue,Washington,DC,38.8274243,-77.0089452,250.0
Buena Vista,Washington,DC,38.851149,-76.9686267,250.0
Congress Heights,Washington,DC,38.8426733,-76.9959872,250.0
Douglass,Washington,DC,38.847311,-76.9801476,250.0
Garfield Heights,Washington,DC,38.8547684,-76.9722271,250.0
Knox Hill,Washington,DC,38.853446,-76.96691919999999,250.0
Shipley Terrace,Washington,DC,38.847335,-76.96914149999999,250.0
Washington Highlands,Washington,DC,38.8309429,-76.9945473,250.0
Woodland,Washington,DC,38.8560701,-76.972673,250.0
